thread_count;MPI_grid_128;MPI_grid_256;MPI_grid_512;MPI_grid_1024;OMP_grid_128;OMP_grid_256;OMP_grid_512;OMP_grid_1024
1;0.926;13.13597;123.123838;500.500658;0.425;6.6655;57.57939;237.237513
4;0.367;3.3662;28.28733;114.114311;0.424;6.6648;58.58053;236.236340
16;0.306;3.3546;11.11728;36.36320;0.405;6.6666;58.58089;236.236256
36;3.3086;13.13311;32.32148;46.46030;0.402;6.6711;58.58098;235.235993